first_name,last_name,email,university,major,year
derk,boi,dxu0117@bu.edu,WWWWWWUni,Somerandommjaor,2025
deee,ssss,burnerdx0@gmail.com,WowUNI,SomeMajor,2025
Sarah,Yuhan,syuhan@bu.edu,BU,CS,2026
Jennifer,Reyes,jennifer.reyes@yahoo.com,Northeastern University,Political Science,2025
Tracy,Perry,tperry@hotmail.com,Boston University,Computer Science,2026
Jason,Schultz,jschultz@gmail.com,MIT,Physics,2027
Robert,Porter,robertporter@yahoo.com,Harvard University,Economics,2026
Vanessa,Hayes,vanessa.hayes@gmail.com,Tufts University,Computer Engineering,2027
Justin,Hamilton,justin.hamilton@hotmail.com,UMass Amherst,Physics,2027
Christine,Mitchell,cmitchell@gmail.com,Purdue University,Business Administration,2025
Keith,Gonzalez,kgonzalez@yahoo.com,Boston College,Data Science,2025
Karen,Knight,karenknight@hotmail.com,Cornell University,Chemistry,2026
Lisa,Shaw,lisa.shaw@yahoo.com,Stanford University,Computer Science,2027
Christopher,Sanchez,christopher.sanchez@gmail.com,Northeastern University,Marketing,2024
Kelly,Watson,kwatson@gmail.com,MIT,Mechanical Engineering,2025
Nancy,Rodriguez,nrodriguez@hotmail.com,Georgia Tech,Computer Engineering,2027
Jessica,Garcia,jessica.garcia@gmail.com,Cornell University,Industrial Design,2026
Kevin,Martinez,kevinmartinez@yahoo.com,UMass Lowell,Computer Science,2025
Jeffrey,Williams,jeffrey.williams@hotmail.com,Carnegie Mellon University,Electrical Engineering,2028
Melissa,Johnson,mjohnson@gmail.com,Boston University,Psychology,2024
John,Campbell,john.campbell@yahoo.com,NYU,Sociology,2027
Kimberly,Smith,kimberlysmith@hotmail.com,UC Berkeley,Computer Science,2025
Amy,Miller,amy.miller@gmail.com,Emerson College,Communications,2026
Michael,Davis,michael.davis@hotmail.com,University of Michigan,Data Science,2028
Mary,Brown,marybrown@yahoo.com,Harvard University,Economics,2025
Catherine,Jones,cjones@gmail.com,Brandeis University,Psychology,2027
David,Wilson,davidwilson@hotmail.com,MIT,Mechanical Engineering,2026
Michelle,Moore,michelle.moore@yahoo.com,Boston University,Neuroscience,2025
Daniel,Taylor,daniel.taylor@gmail.com,Stanford University,Computer Science,2024
Elizabeth,Anderson,eanderson@hotmail.com,Georgia Tech,Civil Engineering,2026
Thomas,Thomas,tthomas@yahoo.com,Tufts University,Biology,2025
Sarah,Jackson,sarahjackson@gmail.com,Carnegie Mellon University,Information Systems,2027
James,White,jameswhite@hotmail.com,Boston College,Finance,2026
Rebecca,Harris,rebecca.harris@yahoo.com,UMass Amherst,English Literature,2025
Charles,Martin,cmartin@gmail.com,Suffolk University,Political Science,2024
Stephanie,Thompson,stephanie.thompson@hotmail.com,NYU,Marketing,2028
Steven,Garcia,stevengarcia@yahoo.com,University of Michigan,Computer Engineering,2027
Donna,Martinez,dmartinez@gmail.com,Northeastern University,Psychology,2026
Matthew,Robinson,matthew.robinson@hotmail.com,Harvard University,Mathematics,2025
Susan,Clark,susan.clark@yahoo.com,Worcester Polytechnic Institute,Computer Science,2024
Andrew,Rodriguez,andrewrodriguez@gmail.com,Boston University,Philosophy,2027
Laura,Lewis,llewis@hotmail.com,UC Berkeley,Biomedical Engineering,2026
Joseph,Lee,joseph.lee@yahoo.com,MIT,Computer Science,2025
Patricia,Walker,pwalker@gmail.com,Emerson College,Communications,2024
Ryan,Hall,ryanhall@hotmail.com,Georgia Tech,Mechanical Engineering,2026
Sandra,Allen,sandra.allen@yahoo.com,Brandeis University,Sociology,2025
Mark,Young,mark.young@gmail.com,Cornell University,Data Science,2028
Nicole,Hernandez,nhernandez@hotmail.com,Stanford University,Business Administration,2027
Paul,King,paul.king@yahoo.com,Tufts University,Computer Engineering,2026
Deborah,Wright,deborah.wright@gmail.com,Purdue University,Biology,2025
Timothy,Lopez,timothylopez@hotmail.com,UMass Lowell,Mathematics,2024
Angela,Hill,angela.hill@yahoo.com,Boston College,Psychology,2028
Gregory,Scott,gscott@gmail.com,NYU,Computer Science,2027
Pamela,Green,pamela.green@hotmail.com,University of Washington,Civil Engineering,2026
Ronald,Adams,ronald.adams@yahoo.com,MIT,Electrical Engineering,2025
Christine,Baker,cbaker@gmail.com,Boston University,Marketing,2024
Joshua,Gonzalez,joshua.gonzalez@hotmail.com,Harvard University,Economics,2027
Carol,Nelson,carol.nelson@yahoo.com,Georgia Tech,Computer Engineering,2026
Edward,Carter,eedward@gmail.com,Northeastern University,Finance,2025
Amanda,Mitchell,amanda.mitchell@hotmail.com,Stanford University,Computer Science,2024
Kenneth,Perez,kenneth.perez@yahoo.com,UC Berkeley,Physics,2028
Helen,Roberts,hroberts@gmail.com,Worcester Polytechnic Institute,Data Science,2027
Brian,Turner,brian.turner@hotmail.com,Suffolk University,Philosophy,2026
Kathleen,Phillips,kathleen.phillips@yahoo.com,Boston College,Psychology,2025
Stephen,Campbell,stephen.campbell@gmail.com,MIT,Mechanical Engineering,2024
Jessica,Parker,jessica.parker@hotmail.com,University of Michigan,Computer Science,2027
Anthony,Evans,anthony.evans@yahoo.com,Cornell University,Chemistry,2026
Sharon,Edwards,sedwards@gmail.com,Tufts University,Biology,2025
Kevin,Collins,kevin.collins@hotmail.com,Boston University,Information Systems,2024
Betty,Stewart,betty.stewart@yahoo.com,NYU,Communications,2028
Jason,Sanchez,jason.sanchez@gmail.com,Carnegie Mellon University,Computer Engineering,2027
Margaret,Morris,mmorris@hotmail.com,Georgia Tech,Civil Engineering,2026
Donald,Rogers,donald.rogers@yahoo.com,Harvard University,Economics,2025
Emily,Reed,emily.reed@gmail.com,Purdue University,Psychology,2024
William,Cook,william.cook@hotmail.com,Brandeis University,Business Administration,2027
Dorothy,Morgan,dorothy.morgan@yahoo.com,UMass Amherst,English Literature,2026
Richard,Bell,rbell@gmail.com,Stanford University,Computer Science,2025
Lisa,Murphy,lisa.murphy@hotmail.com,Boston College,Neuroscience,2024
Robert,Bailey,robert.bailey@yahoo.com,MIT,Data Science,2028
Karen,Rivera,karen.rivera@gmail.com,Northeastern University,Marketing,2027
Daniel,Cooper,daniel.cooper@hotmail.com,UC Berkeley,Computer Engineering,2026
Nancy,Richardson,nancy.richardson@yahoo.com,University of Washington,Political Science,2025
Michael,Cox,mcox@gmail.com,Boston University,Mathematics,2024
Melissa,Howard,melissa.howard@hotmail.com,Georgia Tech,Mechanical Engineering,2027
David,Ward,david.ward@yahoo.com,Cornell University,Finance,2026
Donna,Torres,dtorres@gmail.com,Harvard University,Computer Science,2025
Matthew,Peterson,matthew.peterson@hotmail.com,UMass Lowell,Biomedical Engineering,2024
Barbara,Gray,barbara.gray@yahoo.com,Tufts University,Psychology,2028
Timothy,Ramirez,timothy.ramirez@gmail.com,NYU,Communications,2027
Sandra,James,sjames@hotmail.com,Boston College,Economics,2026
Thomas,Watson,thomas.watson@yahoo.com,Stanford University,Data Science,2025
Linda,Brooks,linda.brooks@gmail.com,MIT,Computer Engineering,2024
Joseph,Kelly,joseph.kelly@hotmail.com,Worcester Polytechnic Institute,Mathematics,2027
Patricia,Sanders,patricia.sanders@yahoo.com,UC Berkeley,Computer Science,2026
Andrew,Price,andrew.price@gmail.com,Boston University,Sociology,2025
Elizabeth,Bennett,elizabeth.bennett@hotmail.com,Georgia Tech,Mechanical Engineering,2024
Mark,Wood,mark.wood@yahoo.com,Northeastern University,Marketing,2027
Susan,Barnes,susan.barnes@gmail.com,Carnegie Mellon University,Computer Science,2026
Steven,Ross,steven.ross@hotmail.com,Harvard University,Economics,2025
Kimberly,Henderson,kimberly.henderson@yahoo.com,Emerson College,Communications,2024
John,Coleman,john.coleman@gmail.com,Suffolk University,Philosophy,2028
Michelle,Jenkins,michelle.jenkins@hotmail.com,MIT,Electrical Engineering,2027
Paul,Perry,paul.perry@yahoo.com,Cornell University,Chemistry,2026
Sarah,Powell,sarah.powell@gmail.com,Boston College,Psychology,2025
Christopher,Long,christopher.long@hotmail.com,Tufts University,Biology,2024
Jennifer,Patterson,jennifer.patterson@yahoo.com,Georgia Tech,Computer Engineering,2027
James,Hughes,james.hughes@gmail.com,Stanford University,Data Science,2026
Rebecca,Flores,rebecca.flores@hotmail.com,Boston University,Neuroscience,2025
Charles,Washington,charles.washington@yahoo.com,University of Michigan,Computer Science,2024
Amy,Butler,amy.butler@gmail.com,Purdue University,Business Administration,2028
Ryan,Simmons,ryan.simmons@hotmail.com,NYU,Marketing,2027
Angela,Foster,angela.foster@yahoo.com,Harvard University,Mathematics,2026
Justin,Gonzales,justin.gonzales@gmail.com,UC Berkeley,Computer Science,2025
Catherine,Bryant,catherine.bryant@hotmail.com,MIT,Physics,2024
Jason,Alexander,jason.alexander@yahoo.com,Northeastern University,Psychology,2027
Mary,Russell,mary.russell@gmail.com,Georgia Tech,Civil Engineering,2026
Gregory,Griffin,gregory.griffin@hotmail.com,Boston College,Finance,2025
Stephanie,Diaz,stephanie.diaz@yahoo.com,Stanford University,Computer Engineering,2024
Kenneth,Hayes,kenneth.hayes@gmail.com,Brandeis University,Sociology,2028
Laura,Myers,laura.myers@hotmail.com,Cornell University,Data Science,2027
Brian,Ford,brian.ford@yahoo.com,Worcester Polytechnic Institute,Computer Science,2026
Deborah,Hamilton,deborah.hamilton@gmail.com,UMass Amherst,English Literature,2025
Joshua,Graham,joshua.graham@hotmail.com,Boston University,Philosophy,2024
Kathleen,Sullivan,kathleen.sullivan@yahoo.com,MIT,Mechanical Engineering,2027
Anthony,Wallace,anthony.wallace@gmail.com,Harvard University,Economics,2026
Helen,Woods,helen.woods@hotmail.com,Tufts University,Biology,2025
Stephen,Cole,stephen.cole@yahoo.com,NYU,Communications,2024
Carol,West,carol.west@gmail.com,Georgia Tech,Computer Engineering,2028
Edward,Jordan,edward.jordan@hotmail.com,UC Berkeley,Biomedical Engineering,2027
Sharon,Owens,sharon.owens@yahoo.com,University of Washington,Political Science,2026
Kevin,Reynolds,kevin.reynolds@gmail.com,Boston College,Psychology,2025
Betty,Fisher,betty.fisher@hotmail.com,Stanford University,Computer Science,2024
Donald,Ellis,donald.ellis@yahoo.com,Northeastern University,Marketing,2027
Margaret,Harrison,margaret.harrison@gmail.com,MIT,Data Science,2026
William,Gibson,william.gibson@hotmail.com,Carnegie Mellon University,Computer Engineering,2025
Dorothy,Mcdonald,dorothy.mcdonald@yahoo.com,Harvard University,Finance,2024
Richard,Cruz,richard.cruz@gmail.com,Georgia Tech,Mechanical Engineering,2027
Lisa,Marshall,lisa.marshall@hotmail.com,Cornell University,Chemistry,2026
Nancy,Ortiz,nancy.ortiz@yahoo.com,Boston University,Information Systems,2025
Michael,Gomez,michael.gomez@gmail.com,Emerson College,Communications,2024
Melissa,Murray,melissa.murray@hotmail.com,Stanford University,Computer Science,2028
David,Freeman,david.freeman@yahoo.com,UMass Lowell,Mathematics,2027
Donna,Wells,donna.wells@gmail.com,Tufts University,Biology,2026
Matthew,Webb,matthew.webb@hotmail.com,MIT,Electrical Engineering,2025
Barbara,Simpson,barbara.simpson@yahoo.com,Suffolk University,Philosophy,2024
Timothy,Stevens,timothy.stevens@gmail.com,Boston College,Psychology,2027
Sandra,Tucker,sandra.tucker@hotmail.com,UC Berkeley,Computer Science,2026
Linda,Porter,linda.porter@yahoo.com,Georgia Tech,Civil Engineering,2025
Joseph,Hunter,joseph.hunter@gmail.com,Harvard University,Economics,2024
Patricia,Hicks,patricia.hicks@hotmail.com,Northeastern University,Business Administration,2027
Andrew,Crawford,andrew.crawford@yahoo.com,NYU,Marketing,2026
Elizabeth,Henry,elizabeth.henry@gmail.com,Stanford University,Data Science,2025
Mark,Boyd,mark.boyd@hotmail.com,Boston University,Neuroscience,2024
Susan,Mason,susan.mason@yahoo.com,MIT,Computer Engineering,2028
Steven,Morales,steven.morales@gmail.com,Georgia Tech,Mechanical Engineering,2027
Kimberly,Kennedy,kimberly.kennedy@hotmail.com,Worcester Polytechnic Institute,Computer Science,2026
John,Warren,john.warren@yahoo.com,Cornell University,Chemistry,2025
Michelle,Dixon,michelle.dixon@gmail.com,Harvard University,Mathematics,2024
Paul,Ramos,paul.ramos@hotmail.com,Tufts University,Biology,2027
Sarah,Reyes,sarah.reyes@yahoo.com,Purdue University,Psychology,2026
Christopher,Burns,christopher.burns@gmail.com,Boston College,Finance,2025
Jennifer,Gordon,jennifer.gordon@hotmail.com,Stanford University,Computer Science,2024
James,Shaw,james.shaw@yahoo.com,UC Berkeley,Physics,2028
Rebecca,Holmes,rebecca.holmes@gmail.com,MIT,Data Science,2027
Charles,Rice,charles.rice@hotmail.com,Boston University,Philosophy,2026
Amy,Robertson,amy.robertson@yahoo.com,Georgia Tech,Computer Engineering,2025
Ryan,Hunt,ryan.hunt@gmail.com,Northeastern University,Marketing,2024
Angela,Daniels,angela.daniels@hotmail.com,Harvard University,Economics,2027
Justin,Palmer,justin.palmer@yahoo.com,Carnegie Mellon University,Information Systems,2026
Catherine,Mills,catherine.mills@gmail.com,NYU,Communications,2025
Jason,Nichols,jason.nichols@hotmail.com,Stanford University,Computer Science,2024
Mary,Grant,mary.grant@yahoo.com,MIT,Mechanical Engineering,2028
Gregory,Knight,gregory.knight@gmail.com,Cornell University,Finance,2027
Stephanie,Ferguson,stephanie.ferguson@hotmail.com,Boston College,Psychology,2026
Kenneth,Rose,kenneth.rose@yahoo.com,Georgia Tech,Civil Engineering,2025
Laura,Stone,laura.stone@gmail.com,UMass Amherst,English Literature,2024
Brian,Hawkins,brian.hawkins@hotmail.com,Tufts University,Biology,2027
Deborah,Dunn,deborah.dunn@yahoo.com,Harvard University,Computer Science,2026
Joshua,Perkins,joshua.perkins@gmail.com,UC Berkeley,Biomedical Engineering,2025
Kathleen,Hudson,kathleen.hudson@hotmail.com,Boston University,Neuroscience,2024
Anthony,Spencer,anthony.spencer@yahoo.com,Stanford University,Data Science,2028
Helen,Gardner,helen.gardner@gmail.com,MIT,Computer Engineering,2027
Stephen,Stephens,stephen.stephens@hotmail.com,Northeastern University,Marketing,2026
Carol,Payne,carol.payne@yahoo.com,Georgia Tech,Mechanical Engineering,2025
Edward,Pierce,edward.pierce@gmail.com,Cornell University,Chemistry,2024
Sharon,Berry,sharon.berry@hotmail.com,Harvard University,Economics,2027
Kevin,Matthews,kevin.matthews@yahoo.com,NYU,Communications,2026
Betty,Arnold,betty.arnold@gmail.com,Boston College,Psychology,2025
Donald,Wagner,donald.wagner@hotmail.com,Worcester Polytechnic Institute,Computer Science,2024
Margaret,Willis,margaret.willis@yahoo.com,Stanford University,Electrical Engineering,2028
William,Ray,william.ray@gmail.com,Tufts University,Biology,2027
Dorothy,Watkins,dorothy.watkins@hotmail.com,Georgia Tech,Computer Engineering,2026
Richard,Olson,richard.olson@yahoo.com,MIT,Physics,2025
Lisa,Carroll,lisa.carroll@gmail.com,Boston University,Philosophy,2024
Nancy,Duncan,nancy.duncan@hotmail.com,Harvard University,Mathematics,2027
Michael,Snyder,michael.snyder@yahoo.com,UC Berkeley,Computer Science,2026
Melissa,Hart,melissa.hart@gmail.com,Northeastern University,Business Administration,2025
David,Cunningham,david.cunningham@hotmail.com,Stanford University,Data Science,2024
Donna,Bradley,donna.bradley@yahoo.com,Carnegie Mellon University,Computer Engineering,2028
Matthew,Lane,matthew.lane@gmail.com,Georgia Tech,Civil Engineering,2027
Barbara,Andrews,barbara.andrews@hotmail.com,Cornell University,Finance,2026
Timothy,Rowe,timothy.rowe@yahoo.com,Boston College,Psychology,2025
Sandra,Perkins,sandra.perkins@gmail.com,MIT,Mechanical Engineering,2024
Linda,Larson,linda.larson@hotmail.com,Harvard University,Economics,2027
Joseph,Sharp,joseph.sharp@yahoo.com,NYU,Communications,2026
Patricia,Carlson,patricia.carlson@gmail.com,Stanford University,Computer Science,2025
Andrew,Johnston,andrew.johnston@hotmail.com,Boston University,Neuroscience,2024
Elizabeth,Harvey,elizabeth.harvey@yahoo.com,Georgia Tech,Computer Engineering,2028
Mark,Williamson,mark.williamson@gmail.com,Emerson College,Communications,2027
Susan,Montgomery,susan.montgomery@hotmail.com,MIT,Data Science,2026
Steven,Gilbert,steven.gilbert@yahoo.com,Tufts University,Biology,2025
Kimberly,Graves,kimberly.graves@gmail.com,Harvard University,Mathematics,2024
John,Sutton,john.sutton@hotmail.com,Northeastern University,Marketing,2027
Michelle,Mckenzie,michelle.mckenzie@yahoo.com,Stanford University,Computer Science,2026
Paul,Francis,paul.francis@gmail.com,UC Berkeley,Physics,2025
Sarah,Keller,sarah.keller@hotmail.com,Boston College,Psychology,2024
Christopher,Christensen,christopher.christensen@yahoo.com,Georgia Tech,Mechanical Engineering,2028
Jennifer,Preston,jennifer.preston@gmail.com,Cornell University,Chemistry,2027
James,Harrington,james.harrington@hotmail.com,Worcester Polytechnic Institute,Computer Science,2026
Rebecca,Walters,rebecca.walters@yahoo.com,MIT,Electrical Engineering,2025
Charles,Walsh,charles.walsh@gmail.com,Harvard University,Economics,2024
Amy,Mccarthy,amy.mccarthy@hotmail.com,Boston University,Philosophy,2027
Ryan,Mann,ryan.mann@yahoo.com,Stanford University,Computer Engineering,2026
Angela,Malone,angela.malone@gmail.com,NYU,Communications,2025
Justin,Ramsey,justin.ramsey@hotmail.com,Georgia Tech,Civil Engineering,2024
Catherine,Bates,catherine.bates@yahoo.com,Northeastern University,Business Administration,2028
Jason,Hale,jason.hale@gmail.com,MIT,Data Science,2027
Mary,Barton,mary.barton@hotmail.com,Tufts University,Biology,2026
Gregory,Tanner,gregory.tanner@yahoo.com,Harvard University,Computer Science,2025
Stephanie,Leonard,stephanie.leonard@gmail.com,UC Berkeley,Biomedical Engineering,2024
Kenneth,Rhodes,kenneth.rhodes@hotmail.com,Boston College,Psychology,2027
Laura,Shepherd,laura.shepherd@yahoo.com,Stanford University,Electrical Engineering,2026
Brian,Griffith,brian.griffith@gmail.com,Georgia Tech,Mechanical Engineering,2025
Deborah,McKay,deborah.mckay@hotmail.com,Cornell University,Finance,2024
Joshua,Bentley,joshua.bentley@yahoo.com,MIT,Computer Engineering,2028
Kathleen,Flynn,kathleen.flynn@gmail.com,Northeastern University,Marketing,2027
Anthony,Swanson,anthony.swanson@hotmail.com,Harvard University,Economics,2026
Helen,Blake,helen.blake@yahoo.com,Boston University,Neuroscience,2025
Stephen,Mayo,stephen.mayo@gmail.com,NYU,Communications,2024
Carol,Hodges,carol.hodges@hotmail.com,Stanford University,Computer Science,2027
Edward,French,edward.french@yahoo.com,Georgia Tech,Civil Engineering,2026
Sharon,Holland,sharon.holland@gmail.com,Worcester Polytechnic Institute,Data Science,2025
Kevin,Fitzgerald,kevin.fitzgerald@hotmail.com,MIT,Physics,2024
Betty,Lawrence,betty.lawrence@yahoo.com,Cornell University,Chemistry,2028
Donald,Elliott,donald.elliott@gmail.com,Harvard University,Mathematics,2027
Margaret,Lindsey,margaret.lindsey@hotmail.com,Boston College,Psychology,2026
William,Estrada,william.estrada@yahoo.com,Stanford University,Computer Engineering,2025
Dorothy,Contreras,dorothy.contreras@gmail.com,UC Berkeley,Business Administration,2024
Richard,Pearson,richard.pearson@hotmail.com,Georgia Tech,Mechanical Engineering,2027
Lisa,Valdez,lisa.valdez@yahoo.com,Northeastern University,Marketing,2026
Nancy,Delgado,nancy.delgado@gmail.com,Tufts University,Biology,2025
Michael,Norman,michael.norman@hotmail.com,MIT,Electrical Engineering,2024
Melissa,Newman,melissa.newman@yahoo.com,Harvard University,Economics,2028
David,Luna,david.luna@gmail.com,Stanford University,Data Science,2027
Donna,Fitzgerald,donna.fitzgerald@hotmail.com,Boston University,Philosophy,2026
Matthew,Chambers,matthew.chambers@yahoo.com,NYU,Communications,2025
Barbara,McKnight,barbara.mcknight@gmail.com,Georgia Tech,Computer Engineering,2024
Timothy,Weaver,timothy.weaver@hotmail.com,Cornell University,Finance,2027
Sandra,Ballard,sandra.ballard@yahoo.com,MIT,Computer Science,2026
Linda,McConnell,linda.mcconnell@gmail.com,Boston College,Psychology,2025
Joseph,Glass,joseph.glass@hotmail.com,Harvard University,Mathematics,2024
Patricia,Middleton,patricia.middleton@yahoo.com,Stanford University,Computer Engineering,2028
Andrew,Rich,andrew.rich@gmail.com,UC Berkeley,Physics,2027
Elizabeth,Atkins,elizabeth.atkins@hotmail.com,Georgia Tech,Civil Engineering,2026
Mark,Orr,mark.orr@yahoo.com,Northeastern University,Business Administration,2025
Susan,Brewer,susan.brewer@gmail.com,MIT,Data Science,2024
Steven,Vincent,steven.vincent@hotmail.com,Harvard University,Economics,2027
Kimberly,Schneider,kimberly.schneider@yahoo.com,Stanford University,Computer Science,2026
John,Kerr,john.kerr@gmail.com,Tufts University,Biology,2025
Michelle,Todd,michelle.todd@hotmail.com,Boston University,Neuroscience,2024
Paul,Lowe,paul.lowe@yahoo.com,Georgia Tech,Mechanical Engineering,2028
Sarah,Tyler,sarah.tyler@gmail.com,Cornell University,Chemistry,2027
Christopher,Blankenship,christopher.blankenship@hotmail.com,Worcester Polytechnic Institute,Computer Science,2026
Jennifer,Hester,jennifer.hester@yahoo.com,MIT,Electrical Engineering,2025
James,Robles,james.robles@gmail.com,Harvard University,Economics,2024
Rebecca,Winters,rebecca.winters@hotmail.com,NYU,Communications,2027
Charles,Flynn,charles.flynn@yahoo.com,Stanford University,Data Science,2026
Amy,Walter,amy.walter@gmail.com,Boston College,Psychology,2025
Ryan,Benson,ryan.benson@hotmail.com,Georgia Tech,Computer Engineering,2024
Angela,Carson,angela.carson@yahoo.com,UC Berkeley,Biomedical Engineering,2028
Justin,Stokes,justin.stokes@gmail.com,Northeastern University,Marketing,2027
Catherine,Pratt,catherine.pratt@hotmail.com,MIT,Physics,2026
Jason,Mejia,jason.mejia@yahoo.com,Harvard University,Mathematics,2025
Mary,Garner,mary.garner@gmail.com,Stanford University,Computer Science,2024
Gregory,Steele,gregory.steele@hotmail.com,Boston University,Philosophy,2027
Stephanie,Chan,stephanie.chan@yahoo.com,Georgia Tech,Civil Engineering,2026
Kenneth,Foley,kenneth.foley@gmail.com,Cornell University,Finance,2025
Laura,Reese,laura.reese@hotmail.com,Tufts University,Biology,2024
Brian,Adkins,brian.adkins@yahoo.com,MIT,Computer Engineering,2028
Deborah,Donovan,deborah.donovan@gmail.com,Harvard University,Economics,2027
Joshua,Werner,joshua.werner@hotmail.com,Stanford University,Data Science,2026
Kathleen,Gallegos,kathleen.gallegos@yahoo.com,Northeastern University,Business Administration,2025
Anthony,Knox,anthony.knox@gmail.com,NYU,Communications,2024
Helen,Garrison,helen.garrison@hotmail.com,Georgia Tech,Mechanical Engineering,2027
Stephen,Farmer,stephen.farmer@yahoo.com,Boston College,Psychology,2026
Carol,Barr,carol.barr@gmail.com,Worcester Polytechnic Institute,Computer Science,2025
Edward,Hampton,edward.hampton@hotmail.com,MIT,Electrical Engineering,2024
Sharon,Glover,sharon.glover@yahoo.com,Harvard University,Mathematics,2028
Kevin,Roberson,kevin.roberson@gmail.com,Stanford University,Computer Engineering,2027
Betty,Nielsen,betty.nielsen@hotmail.com,UC Berkeley,Physics,2026
Donald,Espinoza,donald.espinoza@yahoo.com,Boston University,Neuroscience,2025
Margaret,Willis,margaret.willis@gmail.com,Georgia Tech,Civil Engineering,2024
William,Pittman,william.pittman@hotmail.com,Cornell University,Chemistry,2027
Dorothy,Lester,dorothy.lester@yahoo.com,Northeastern University,Marketing,2026
Richard,Little,richard.little@gmail.com,MIT,Data Science,2025
Lisa,McBride,lisa.mcbride@hotmail.com,Harvard University,Economics,2024
Nancy,Hancock,nancy.hancock@yahoo.com,Stanford University,Computer Science,2028
Michael,Giles,michael.giles@gmail.com,Tufts University,Biology,2027
Melissa,Frye,melissa.frye@hotmail.com,Georgia Tech,Mechanical Engineering,2026
David,Baxter,david.baxter@yahoo.com,Boston College,Psychology,2025
Donna,Underwood,donna.underwood@gmail.com,MIT,Computer Engineering,2024
Matthew,Rush,matthew.rush@hotmail.com,Harvard University,Mathematics,2027
Barbara,Avery,barbara.avery@yahoo.com,NYU,Communications,2026
Timothy,Dougherty,timothy.dougherty@gmail.com,Stanford University,Data Science,2025
Sandra,Aguirre,sandra.aguirre@hotmail.com,UC Berkeley,Biomedical Engineering,2024
Linda,Pugh,linda.pugh@yahoo.com,Georgia Tech,Computer Engineering,2028
Joseph,Velasquez,joseph.velasquez@gmail.com,Northeastern University,Business Administration,2027
Patricia,Merritt,patricia.merritt@hotmail.com,Worcester Polytechnic Institute,Computer Science,2026
Andrew,Wilkerson,andrew.wilkerson@yahoo.com,MIT,Physics,2025
Elizabeth,Odom,elizabeth.odom@gmail.com,Harvard University,Economics,2024
Mark,Pollard,mark.pollard@hotmail.com,Boston University,Philosophy,2027
Susan,Holden,susan.holden@yahoo.com,Stanford University,Computer Science,2026
Steven,Orr,steven.orr@gmail.com,Cornell University,Finance,2025
Kimberly,Randall,kimberly.randall@hotmail.com,Georgia Tech,Civil Engineering,2024
John,Morse,john.morse@yahoo.com,Tufts University,Biology,2028
Michelle,Henson,michelle.henson@gmail.com,MIT,Electrical Engineering,2027
Paul,Branch,paul.branch@hotmail.com,Harvard University,Mathematics,2026
Sarah,O'Connor,sarah.oconnor@yahoo.com,Northeastern University,Marketing,2025
Christopher,Kerr,christopher.kerr@gmail.com,Stanford University,Data Science,2024
Jennifer,Potts,jennifer.potts@hotmail.com,Boston College,Psychology,2027
James,Winters,james.winters@yahoo.com,Georgia Tech,Computer Engineering,2026
Rebecca,Stark,rebecca.stark@gmail.com,NYU,Communications,2025
Charles,Conner,charles.conner@hotmail.com,UC Berkeley,Business Administration,2024
Amy,Watts,amy.watts@yahoo.com,MIT,Computer Science,2028
Ryan,Cash,ryan.cash@gmail.com,Harvard University,Economics,2027
Angela,Duffy,angela.duffy@hotmail.com,Stanford University,Computer Engineering,2026
Justin,Morse,justin.morse@yahoo.com,Worcester Polytechnic Institute,Data Science,2025
Catherine,Valenzuela,catherine.valenzuela@gmail.com,Boston University,Neuroscience,2024
Jason,Beard,jason.beard@hotmail.com,Georgia Tech,Mechanical Engineering,2027
Mary,Love,mary.love@yahoo.com,Cornell University,Chemistry,2026
Gregory,Wiley,gregory.wiley@gmail.com,Northeastern University,Marketing,2025
Stephanie,McCoy,stephanie.mccoy@hotmail.com,MIT,Physics,2024
Kenneth,Noble,kenneth.noble@yahoo.com,Harvard University,Mathematics,2028
Laura,House,laura.house@gmail.com,Stanford University,Computer Science,2027
Brian,Roman,brian.roman@hotmail.com,Tufts University,Biology,2026
Deborah,Blanchard,deborah.blanchard@yahoo.com,Georgia Tech,Civil Engineering,2025
Joshua,McFarland,joshua.mcfarland@gmail.com,Boston College,Psychology,2024
Kathleen,Stout,kathleen.stout@hotmail.com,MIT,Computer Engineering,2027
Anthony,Tate,anthony.tate@yahoo.com,Harvard University,Economics,2026
Helen,Conway,helen.conway@gmail.com,NYU,Communications,2025
Stephen,Blackburn,stephen.blackburn@hotmail.com,Stanford University,Data Science,2024
Carol,Harrell,carol.harrell@yahoo.com,UC Berkeley,Biomedical Engineering,2028
Edward,Kaufman,edward.kaufman@gmail.com,Georgia Tech,Mechanical Engineering,2027
Sharon,Dale,sharon.dale@hotmail.com,Northeastern University,Business Administration,2026
Kevin,Petty,kevin.petty@yahoo.com,Worcester Polytechnic Institute,Computer Science,2025
Betty,Gamble,betty.gamble@gmail.com,MIT,Electrical Engineering,2024
Donald,Golden,donald.golden@hotmail.com,Harvard University,Mathematics,2027
Margaret,Meyers,margaret.meyers@yahoo.com,Boston University,Philosophy,2026
William,Macdonald,william.macdonald@gmail.com,Stanford University,Computer Science,2025
Dorothy,Cohen,dorothy.cohen@hotmail.com,Cornell University,Finance,2024
Richard,Hutchinson,richard.hutchinson@yahoo.com,Georgia Tech,Computer Engineering,2028
Lisa,Irwin,lisa.irwin@gmail.com,Tufts University,Biology,2027
Nancy,Tyler,nancy.tyler@hotmail.com,MIT,Data Science,2026
Michael,Cain,michael.cain@yahoo.com,Harvard University,Economics,2025
Melissa,Conley,melissa.conley@gmail.com,Northeastern University,Marketing,2024
David,Huffman,david.huffman@hotmail.com,Stanford University,Computer Engineering,2027
Donna,Choi,donna.choi@yahoo.com,Boston College,Psychology,2026
Matthew,Barker,matthew.barker@gmail.com,NYU,Communications,2025
Barbara,Houston,barbara.houston@hotmail.com,Georgia Tech,Civil Engineering,2024
Timothy,Simon,timothy.simon@yahoo.com,UC Berkeley,Physics,2028
Sandra,Casey,sandra.casey@gmail.com,MIT,Computer Science,2027
Linda,Lambert,linda.lambert@hotmail.com,Harvard University,Mathematics,2026
Joseph,Cowan,joseph.cowan@yahoo.com,Stanford University,Data Science,2025
Patricia,Stephenson,patricia.stephenson@gmail.com,Worcester Polytechnic Institute,Electrical Engineering,2024
Andrew,Landry,andrew.landry@hotmail.com,Boston University,Neuroscience,2027
Elizabeth,Woodward,elizabeth.woodward@yahoo.com,Georgia Tech,Mechanical Engineering,2026
Mark,George,mark.george@gmail.com,Cornell University,Chemistry,2025
Susan,Powers,susan.powers@hotmail.com,Northeastern University,Business Administration,2024
Steven,Hurst,steven.hurst@yahoo.com,MIT,Computer Engineering,2028
Kimberly,Maldonado,kimberly.maldonado@gmail.com,Harvard University,Economics,2027
John,Callahan,john.callahan@hotmail.com,Stanford University,Computer Science,2026
Michelle,Forbes,michelle.forbes@yahoo.com,Tufts University,Biology,2025
Paul,Skinner,paul.skinner@gmail.com,Georgia Tech,Civil Engineering,2024
Sarah,Mercer,sarah.mercer@hotmail.com,Boston College,Psychology,2027
Christopher,Frederick,christopher.frederick@yahoo.com,NYU,Communications,2026
Jennifer,Galloway,jennifer.galloway@gmail.com,MIT,Data Science,2025
James,Hickman,james.hickman@hotmail.com,Harvard University,Mathematics,2024
Rebecca,Moon,rebecca.moon@yahoo.com,Stanford University,Computer Engineering,2028
Charles,Friedman,charles.friedman@gmail.com,UC Berkeley,Biomedical Engineering,2027
Amy,Bullock,amy.bullock@hotmail.com,Georgia Tech,Mechanical Engineering,2026
Ryan,Brady,ryan.brady@yahoo.com,Northeastern University,Marketing,2025
Angela,Garrett,angela.garrett@gmail.com,Worcester Polytechnic Institute,Computer Science,2024
Justin,Holmes,justin.holmes@hotmail.com,MIT,Physics,2027
Catherine,Harmon,catherine.harmon@yahoo.com,Harvard University,Economics,2026
Jason,Bean,jason.bean@gmail.com,Boston University,Philosophy,2025
Mary,Prince,mary.prince@hotmail.com,Stanford University,Computer Science,2024
Gregory,Buchanan,gregory.buchanan@yahoo.com,Cornell University,Finance,2028
Stephanie,McIntyre,stephanie.mcintyre@gmail.com,Georgia Tech,Computer Engineering,2027
Kenneth,Rutledge,kenneth.rutledge@hotmail.com,Tufts University,Biology,2026
Laura,Dickerson,laura.dickerson@yahoo.com,MIT,Electrical Engineering,2025
Brian,Hartman,brian.hartman@gmail.com,Harvard University,Mathematics,2024
Deborah,Howe,deborah.howe@hotmail.com,Northeastern University,Business Administration,2027
Joshua,Beasley,joshua.beasley@yahoo.com,Stanford University,Data Science,2026
Kathleen,Kent,kathleen.kent@gmail.com,Boston College,Psychology,2025
Anthony,Small,anthony.small@hotmail.com,NYU,Communications,2024
Helen,Dyer,helen.dyer@yahoo.com,Georgia Tech,Civil Engineering,2028
Stephen,Dillon,stephen.dillon@gmail.com,UC Berkeley,Physics,2027
Carol,Leach,carol.leach@hotmail.com,MIT,Computer Science,2026
Edward,Whitehead,edward.whitehead@yahoo.com,Harvard University,Economics,2025
Sharon,Sykes,sharon.sykes@gmail.com,Stanford University,Computer Engineering,2024
Kevin,Pace,kevin.pace@hotmail.com,Worcester Polytechnic Institute,Data Science,2027
Betty,Talley,betty.talley@yahoo.com,Boston University,Neuroscience,2026
Donald,Mosley,donald.mosley@gmail.com,Georgia Tech,Mechanical Engineering,2025
Margaret,Farrell,margaret.farrell@hotmail.com,Cornell University,Chemistry,2024
William,Lynn,william.lynn@yahoo.com,Northeastern University,Marketing,2028
Dorothy,Whitaker,dorothy.whitaker@gmail.com,MIT,Electrical Engineering,2027
Richard,Acosta,richard.acosta@hotmail.com,Harvard University,Mathematics,2026
Lisa,Livingston,lisa.livingston@yahoo.com,Stanford University,Computer Science,2025
Nancy,Atkinson,nancy.atkinson@gmail.com,Tufts University,Biology,2024
Michael,Crane,michael.crane@hotmail.com,Georgia Tech,Civil Engineering,2027
Melissa,Key,melissa.key@yahoo.com,Boston College,Psychology,2026
David,Bauer,david.bauer@gmail.com,NYU,Communications,2025
Donna,Cantrell,donna.cantrell@hotmail.com,MIT,Data Science,2024
Matthew,Rich,matthew.rich@yahoo.com,Harvard University,Economics,2028
Barbara,Bruce,barbara.bruce@gmail.com,Stanford University,Computer Engineering,2027
Timothy,Bond,timothy.bond@hotmail.com,UC Berkeley,Biomedical Engineering,2026
Sandra,Puckett,sandra.puckett@yahoo.com,Georgia Tech,Mechanical Engineering,2025
Linda,Heath,linda.heath@gmail.com,Worcester Polytechnic Institute,Computer Science,2024
Joseph,Glass,joseph.glass@hotmail.com,Northeastern University,Business Administration,2027
Patricia,Glass,patricia.glass@yahoo.com,MIT,Physics,2026
Andrew,Kirby,andrew.kirby@gmail.com,Harvard University,Mathematics,2025
Elizabeth,Yoder,elizabeth.yoder@hotmail.com,Boston University,Philosophy,2024
Mark,Compton,mark.compton@yahoo.com,Stanford University,Computer Science,2028
Susan,Kline,susan.kline@gmail.com,Cornell University,Finance,2027
Steven,Barry,steven.barry@hotmail.com,Georgia Tech,Computer Engineering,2026
Kimberly,Jacobson,kimberly.jacobson@yahoo.com,Tufts University,Biology,2025
John,Maynard,john.maynard@gmail.com,MIT,Electrical Engineering,2024
Michelle,Anthony,michelle.anthony@hotmail.com,Harvard University,Economics,2027
Paul,Sloan,paul.sloan@yahoo.com,Stanford University,Data Science,2026
Sarah,Bruce,sarah.bruce@gmail.com,Northeastern University,Marketing,2025
Christopher,Proctor,christopher.proctor@hotmail.com,Boston College,Psychology,2024
Jennifer,Coffey,jennifer.coffey@yahoo.com,NYU,Communications,2028
James,McGee,james.mcgee@gmail.com,Georgia Tech,Civil Engineering,2027
Rebecca,Hays,rebecca.hays@hotmail.com,UC Berkeley,Physics,2026
Charles,Blackwell,charles.blackwell@yahoo.com,MIT,Computer Science,2025
Amy,Lester,amy.lester@gmail.com,Harvard University,Mathematics,2024
Ryan,Vance,ryan.vance@hotmail.com,Stanford University,Computer Engineering,2027
Angela,McIntosh,angela.mcintosh@yahoo.com,Worcester Polytechnic Institute,Data Science,2026
Justin,Cash,justin.cash@gmail.com,Boston University,Neuroscience,2025
Catherine,Hurley,catherine.hurley@hotmail.com,Georgia Tech,Mechanical Engineering,2024
Jason,Bauer,jason.bauer@yahoo.com,Cornell University,Chemistry,2028
Mary,Cameron,mary.cameron@gmail.com,Northeastern University,Business Administration,2027
Gregory,Hubbard,gregory.hubbard@hotmail.com,MIT,Electrical Engineering,2026
Stephanie,Maxwell,stephanie.maxwell@yahoo.com,Harvard University,Economics,2025
Kenneth,Wilkins,kenneth.wilkins@gmail.com,Stanford University,Computer Science,2024
Laura,Marsh,laura.marsh@hotmail.com,Tufts University,Biology,2027
Brian,Booker,brian.booker@yahoo.com,Georgia Tech,Civil Engineering,2026
Deborah,Kinney,deborah.kinney@gmail.com,Boston College,Psychology,2025
Joshua,Terrell,joshua.terrell@hotmail.com,NYU,Communications,2024
Kathleen,Gates,kathleen.gates@yahoo.com,MIT,Data Science,2028
Anthony,Bolton,anthony.bolton@gmail.com,Harvard University,Mathematics,2027
Helen,McMillan,helen.mcmillan@hotmail.com,Stanford University,Computer Engineering,2026
Stephen,Charles,stephen.charles@yahoo.com,UC Berkeley,Biomedical Engineering,2025
Carol,Joyce,carol.joyce@gmail.com,Georgia Tech,Mechanical Engineering,2024
Edward,Shea,edward.shea@hotmail.com,Worcester Polytechnic Institute,Computer Science,2027
Sharon,Donaldson,sharon.donaldson@yahoo.com,Northeastern University,Marketing,2026
Kevin,Mayo,kevin.mayo@gmail.com,MIT,Physics,2025
Betty,Downs,betty.downs@hotmail.com,Harvard University,Economics,2024
Donald,Roach,donald.roach@yahoo.com,Boston University,Philosophy,2028
Margaret,Bright,margaret.bright@gmail.com,Stanford University,Computer Science,2027
William,Hayden,william.hayden@hotmail.com,Cornell University,Finance,2026
Dorothy,English,dorothy.english@yahoo.com,Georgia Tech,Computer Engineering,2025
Richard,McClain,richard.mcclain@gmail.com,Tufts University,Biology,2024
Lisa,Christian,lisa.christian@hotmail.com,MIT,Electrical Engineering,2027
Nancy,Sosa,nancy.sosa@yahoo.com,Harvard University,Mathematics,2026
Michael,Macias,michael.macias@gmail.com,Stanford University,Data Science,2025
Melissa,Huff,melissa.huff@hotmail.com,Northeastern University,Business Administration,2024
David,Allison,david.allison@yahoo.com,Boston College,Psychology,2028
Donna,Hernandez,donna.hernandez@gmail.com,NYU,Communications,2027
Matthew,Dudley,matthew.dudley@hotmail.com,Georgia Tech,Civil Engineering,2026
Barbara,Joseph,barbara.joseph@yahoo.com,UC Berkeley,Physics,2025
Timothy,Whitfield,timothy.whitfield@gmail.com,MIT,Computer Science,2024
Sandra,David,sandra.david@hotmail.com,Harvard University,Economics,2027
Linda,Boone,linda.boone@yahoo.com,Stanford University,Computer Engineering,2026
Joseph,McDowell,joseph.mcdowell@gmail.com,Worcester Polytechnic Institute,Data Science,2025